original,disposition,current_reference,original_words
.githooks/README.md,rewritten,.githooks/README.md,273
README.md,rewritten,README.md,2235
agent/README.md,rewritten,agent/README.md,1886
backend/README.md,rewritten,backend/README.md,3572
backend/app/views/README.md,rewritten,backend/app/views/README.md,188
docs/INVARIANTS.md,contract-edited,docs/INVARIANTS.md,15071
docs/README.md,rewritten,docs/README.md,688
docs/archive/OPERATIONAL_MODEL-legacy.md,retired,docs/operational-models/README.md,3042
docs/archive/README.md,retired,docs/operational-models/README.md,31
docs/backend/adr/001-model-credentials-byok.md,rewritten,docs/backend/adr/001-model-credentials-byok.md,435
docs/backend/adr/002-contributed-skill-safeguard.md,rewritten,docs/backend/adr/002-contributed-skill-safeguard.md,1625
docs/backend/adr/003-singular-resident-harness.md,rewritten,docs/backend/adr/003-singular-resident-harness.md,1170
docs/backend/adr/004-app-composition-domain-apps-capability-bundles-scheduled-skills.md,rewritten,docs/backend/adr/004-app-composition-domain-apps-capability-bundles-scheduled-skills.md,1261
docs/backend/adr/004-single-worker-until-shared-turn-state.md,retired,docs/backend/adr/005-single-worker-until-shared-turn-state.md,602
docs/backend/adr/005-single-worker-until-shared-turn-state.md,rewritten,docs/backend/adr/005-single-worker-until-shared-turn-state.md,602
docs/backend/adr/006-personal-context-stream-unstaged.md,rewritten,docs/backend/adr/006-personal-context-stream-unstaged.md,1312
docs/backend/adr/007-decision-ledger-from-staging-terminals.md,rewritten,docs/backend/adr/007-decision-ledger-from-staging-terminals.md,1491
docs/backend/adr/008-toolcontext-own-workspace-writes.md,rewritten,docs/backend/adr/008-toolcontext-own-workspace-writes.md,1216
docs/backend/adr/009-mcp-as-connector.md,rewritten,docs/backend/adr/009-mcp-as-connector.md,713
docs/backend/adr/010-connector-subsystem-architecture.md,rewritten,docs/backend/adr/010-connector-subsystem-architecture.md,2335
docs/backend/adr/011-public-app-extension-platform.md,rewritten,docs/backend/adr/011-public-app-extension-platform.md,609
docs/backend/adr/012-intrinsic-agentive-queryability.md,rewritten,docs/backend/adr/012-intrinsic-agentive-queryability.md,380
docs/backend/adr/013-operational-model-vocabulary.md,rewritten,docs/backend/adr/013-operational-model-vocabulary.md,420
docs/backend/ai-chat.md,rewritten,docs/backend/ai-chat.md,1373
docs/backend/app-bundle-authoring.md,rewritten,docs/backend/app-bundle-authoring.md,901
docs/backend/app-bundles-v1.md,rewritten,docs/backend/app-bundles-v1.md,7487
docs/backend/app-home.md,rewritten,docs/backend/app-home.md,684
docs/backend/attachment-agent-contract.md,rewritten,docs/backend/attachment-agent-contract.md,1172
docs/backend/connectors.md,rewritten,docs/backend/connectors.md,2980
docs/backend/consulting-lifecycle-demo.md,retired,docs/product/CORE_SUBSTRATE_USE_CASES.md,418
docs/backend/conversation-use-cases.md,retired,docs/backend/ai-chat.md,953
docs/backend/model-credentials-byok.md,rewritten,docs/backend/model-credentials-byok.md,1057
docs/backend/operational-model-authoring-and-library.md,rewritten,docs/backend/operational-model-authoring-and-library.md,4349
docs/backend/operational-model-packages.md,rewritten,docs/backend/operational-model-packages.md,471
docs/backend/operational-model-search-index.md,rewritten,docs/backend/operational-model-search-index.md,122
docs/backend/security-review-model-credentials.md,retired,docs/ops/SECURITY.md,282
docs/backend/service-layer-drain-plan.md,retired,docs/backend/service-layer.md,543
docs/backend/service-layer.md,rewritten,docs/backend/service-layer.md,463
docs/backend/skill-bundle-audit.md,retired,docs/backend/skill-format-standard.md,160
docs/backend/skill-format-standard.md,rewritten,docs/backend/skill-format-standard.md,481
docs/backend/speech-input.md,rewritten,docs/backend/speech-input.md,798
docs/backend/work-mandate-contract.md,rewritten,docs/backend/work-mandate-contract.md,2769
docs/backend/workspace-agent-profile.md,rewritten,docs/backend/workspace-agent-profile.md,1704
docs/branding/logo-exploration-2026-10-06/README.md,rewritten,docs/branding/logo-exploration-2026-10-06/README.md,261
docs/branding/logo-exploration-2026-10-06/SPLIT-SQUARE.md,rewritten,docs/branding/logo-exploration-2026-10-06/SPLIT-SQUARE.md,97
docs/developer/quickstart.md,rewritten,docs/developer/quickstart.md,2963
docs/generated/capability-map.md,generated-preserved,docs/generated/capability-map.md,3248
docs/operational-models/AGENT_CONTRACT.md,rewritten,docs/operational-models/AGENT_CONTRACT.md,479
docs/operational-models/COMPOSITES.md,rewritten,docs/operational-models/COMPOSITES.md,384
docs/operational-models/COMPOSITION_PATTERNS.md,rewritten,docs/operational-models/COMPOSITION_PATTERNS.md,2259
docs/operational-models/DRAFT_PUBLISH.md,rewritten,docs/operational-models/DRAFT_PUBLISH.md,427
docs/operational-models/META_WIDGETS.md,rewritten,docs/operational-models/META_WIDGETS.md,297
docs/operational-models/MIGRATIONS.md,rewritten,docs/operational-models/MIGRATIONS.md,513
docs/operational-models/PLUGINS.md,rewritten,docs/operational-models/PLUGINS.md,395
docs/operational-models/README.md,rewritten,docs/operational-models/README.md,416
docs/operational-models/REGION_SYSTEM.md,rewritten,docs/operational-models/REGION_SYSTEM.md,2334
docs/operational-models/UI_COMPLEMENTS.md,rewritten,docs/operational-models/UI_COMPLEMENTS.md,1322
docs/operational-models/UI_COMPONENTS_GUIDE.md,rewritten,docs/operational-models/UI_COMPONENTS_GUIDE.md,1400
docs/operational-models/UI_PACKS.md,rewritten,docs/operational-models/UI_PACKS.md,1253
docs/operational-models/VIEW_PALETTE.md,rewritten,docs/operational-models/VIEW_PALETTE.md,1097
docs/ops/CONVERSATION_SIDEBAR_SMOKE.md,retired,docs/backend/ai-chat.md,308
docs/ops/DEPLOY.md,rewritten,docs/ops/DEPLOY.md,4789
docs/ops/ENTRY_PAGE_UTILITIES_SMOKE.md,retired,docs/user-guide/README.md,2057
docs/ops/MONGO_PERFORMANCE.md,rewritten,docs/ops/MONGO_PERFORMANCE.md,570
docs/ops/OPERATIONAL_MODEL_SIGNING.md,rewritten,docs/ops/OPERATIONAL_MODEL_SIGNING.md,250
docs/platform/extension-contract-governance.md,rewritten,docs/platform/extension-contract-governance.md,221
docs/platform/extension-contract-v1.md,rewritten,docs/platform/extension-contract-v1.md,950
docs/platform/operational-model.md,rewritten,docs/platform/operational-model.md,290
docs/product/ACCEPTANCE_TEST_MAP.md,retired,docs/ops/QUALIFICATION.md,342
docs/product/AGENT_CHAT_UX_REMEDIATION_PLAN.md,retired,docs/backend/ai-chat.md,4858
docs/product/APPROVAL_ACTION_MATRIX.md,retired,docs/user-guide/README.md,1892
docs/product/APPROVAL_EXPERIENCE_PLAN.md,retired,docs/user-guide/README.md,2930
docs/product/APP_EXTENSION_SURFACE_CLOSURE_PLAN.md,retired,docs/ops/QUALIFICATION.md,2164
docs/product/ARCHITECTURE.md,rewritten,docs/product/ARCHITECTURE.md,12841
docs/product/BYOA.md,rewritten,docs/product/BYOA.md,2676
docs/product/CAPABILITY_BROKER_PHASE_SPEC.md,retired,docs/ops/QUALIFICATION.md,1404
docs/product/CONCEPT.md,rewritten,docs/product/CONCEPT.md,3086
docs/product/CORE_ACCEPTANCE_LEDGER.md,retired,docs/ops/QUALIFICATION.md,2444
docs/product/CORE_FINISH_STATUS.md,retired,docs/ops/QUALIFICATION.md,2117
docs/product/CORE_PIN.md,retired,docs/ops/DEPLOY.md,176
docs/product/CORE_SUBSTRATE_IMPROVEMENT_PLAN.md,retired,docs/ops/QUALIFICATION.md,11108
docs/product/CORE_SUBSTRATE_USE_CASES.md,rewritten,docs/product/CORE_SUBSTRATE_USE_CASES.md,5808
docs/product/FOUNDATION_EXTENSION_SAAS.md,retired,docs/platform/extension-contract-v1.md,3281
docs/product/FOUNDATION_PUBLIC_DEVELOPER_SPRINT.md,retired,docs/ops/QUALIFICATION.md,5832
docs/product/HARNESS_RUNTIME_SUBSTRATE_GAP_PLAN.md,retired,docs/product/RESIDENT_HARNESS.md,3989
docs/product/INTEGRAL_CORE_EXTRACT.md,retired,docs/platform/extension-contract-v1.md,291
docs/product/LOCAL_USER_EXPERIENCE_SMOKE_IMPROVEMENTS.md,retired,docs/ops/QUALIFICATION.md,2379
docs/product/NATIVE_HARNESS_RESEARCH_AND_BLUEPRINT.md,retired,docs/product/RESIDENT_HARNESS.md,2565
docs/product/PRD.md,rewritten,docs/product/PRD.md,4613
docs/product/PYDANTIC_AI_HARNESS_BLUEPRINT_REVIEW.md,retired,docs/product/RESIDENT_HARNESS.md,1521
docs/product/PYDANTIC_AI_HARNESS_IMPLEMENTATION_PLAN.md,retired,docs/product/RESIDENT_HARNESS.md,13865
docs/product/PYDANTIC_AI_HARNESS_INTELLIGENCE_PLANE_SPEC.md,retired,docs/backend/work-mandate-contract.md,4845
docs/product/README.md,rewritten,docs/product/README.md,111
docs/product/RELEASE_CANDIDATE.md,retired,docs/ops/QUALIFICATION.md,72
docs/product/RESIDENT_DELIVERY_FLOW.md,rewritten,docs/product/RESIDENT_DELIVERY_FLOW.md,355
docs/product/RESIDENT_HARNESS.md,rewritten,docs/product/RESIDENT_HARNESS.md,1570
docs/product/ROADMAP.md,rewritten,docs/product/ROADMAP.md,8567
docs/product/SPRINT_STATUS.md,retired,docs/ops/QUALIFICATION.md,342
docs/product/evidence/2026-09-21-99e932e-candidate.md,retired,docs/ops/QUALIFICATION.md,334
docs/product/evidence/2026-09-21-a09-query-view-parity.md,retired,docs/ops/QUALIFICATION.md,365
docs/product/evidence/2026-09-21-live-resident-evaluation.md,retired,docs/ops/QUALIFICATION.md,479
docs/product/evidence/2026-09-22-wp06-resident-flow-contract.md,retired,docs/ops/QUALIFICATION.md,4030
docs/product/evidence/2026-09-22-wp07-approval-review.md,retired,docs/ops/QUALIFICATION.md,378
docs/product/evidence/2026-09-22-wp07-closure.md,retired,docs/ops/QUALIFICATION.md,529
docs/product/evidence/2026-09-22-wp07-live-resident-app-journey.md,retired,docs/ops/QUALIFICATION.md,768
docs/product/evidence/2026-09-22-wp07-staged-status-language.md,retired,docs/ops/QUALIFICATION.md,274
docs/product/evidence/2026-09-22-wp10-sprint-closure.md,retired,docs/ops/QUALIFICATION.md,355
docs/product/evidence/2026-09-23-clean-db-browser-smoke.md,retired,docs/ops/QUALIFICATION.md,289
docs/product/evidence/2026-09-27-jvspatial-0.1.0-migration.md,retired,docs/ops/QUALIFICATION.md,1212
docs/product/evidence/2026-09-27-w3.9-browser-smoke.md,retired,docs/ops/QUALIFICATION.md,229
docs/product/evidence/2026-09-28-c6-candidate-qualification.md,retired,docs/ops/QUALIFICATION.md,549
docs/product/evidence/2026-09-28-w3-7-query-scale.md,retired,docs/ops/QUALIFICATION.md,476
docs/product/evidence/2026-09-29-60f6e6f-app-focus-dashboard-recheck.md,retired,docs/ops/QUALIFICATION.md,787
docs/product/evidence/2026-09-29-integrated-candidate-530b537-requalification.md,retired,docs/ops/QUALIFICATION.md,699
docs/product/evidence/2026-09-29-integrated-candidate-60f6e6f-requalification.md,retired,docs/ops/QUALIFICATION.md,1034
docs/product/evidence/2026-09-29-integrated-candidate-bbd55db-requalification.md,retired,docs/ops/QUALIFICATION.md,376
docs/product/evidence/2026-09-29-integrated-candidate-browser-recheck.md,retired,docs/ops/QUALIFICATION.md,748
docs/product/evidence/2026-09-29-ollama-provider-smoke.md,retired,docs/ops/QUALIFICATION.md,227
docs/product/evidence/2026-09-29-w5-2-declared-query-transport-parity.md,retired,docs/ops/QUALIFICATION.md,317
docs/product/evidence/2026-09-29-w5-2-integrated-candidate-d35e909.md,retired,docs/ops/QUALIFICATION.md,557
docs/product/evidence/2026-09-29-w6-3-integrated-candidate-browser-recheck.md,retired,docs/ops/QUALIFICATION.md,285
docs/product/evidence/2026-09-30-c6-continuation.md,retired,docs/ops/QUALIFICATION.md,1922
docs/product/evidence/2026-09-30-c6-merge-qualification.md,retired,docs/ops/QUALIFICATION.md,791
docs/product/evidence/2026-09-30-c6-registry-browser-resident.md,retired,docs/ops/QUALIFICATION.md,1189
docs/product/evidence/2026-09-30-integrated-candidate-746400a-requalification.md,retired,docs/ops/QUALIFICATION.md,401
docs/product/evidence/2026-09-30-integrated-candidate-browser-smoke.md,retired,docs/ops/QUALIFICATION.md,240
docs/product/evidence/2026-09-30-integrated-candidate-cdfdddd-requalification.md,retired,docs/ops/QUALIFICATION.md,1188
docs/product/evidence/2026-09-30-pr-integration-reconciliation.md,retired,docs/ops/QUALIFICATION.md,617
docs/product/evidence/2026-09-30-w5.4-browser-pagination-b8b6cc0.md,retired,docs/ops/QUALIFICATION.md,263
docs/product/evidence/2026-10-01-a04-create-scope-repair.md,retired,docs/ops/QUALIFICATION.md,3128
docs/product/evidence/2026-10-01-c6-file-volume-and-resident.md,retired,docs/ops/QUALIFICATION.md,3635
docs/product/evidence/2026-10-01-c6-resident-operation-repair.md,retired,docs/ops/QUALIFICATION.md,463
docs/product/evidence/2026-10-02-c6-candidate-5d74ad7.md,retired,docs/ops/QUALIFICATION.md,826
docs/product/evidence/2026-10-02-c6-candidate-757798a.md,retired,docs/ops/QUALIFICATION.md,918
docs/product/evidence/2026-10-02-c6-candidate-c16ea31.md,retired,docs/ops/QUALIFICATION.md,825
docs/product/evidence/2026-10-02-c6-candidate-eff58c4.md,retired,docs/ops/QUALIFICATION.md,905
docs/product/evidence/2026-10-03-testpypi-preflight-c9d92e8.md,retired,docs/ops/QUALIFICATION.md,1038
docs/product/evidence/2026-10-06-chat-ux-remediation.md,retired,docs/ops/QUALIFICATION.md,1114
docs/product/evidence/PHASE_0_BASELINE.md,retired,docs/ops/QUALIFICATION.md,184
docs/product/evidence/w4-4-track-restructure-contract.md,retired,docs/ops/QUALIFICATION.md,850
docs/product/harness-evidence/capability-search-isolation-2026-10-06/README.md,retired,docs/product/RESIDENT_HARNESS.md,2911
docs/product/harness-evidence/crud-filing-2026-10-06/README.md,retired,docs/product/RESIDENT_HARNESS.md,1540
docs/product/harness-evidence/natural-chat-crud-2026-10-05/README.md,retired,docs/product/RESIDENT_HARNESS.md,2708
docs/product/harness-evidence/recalibration-2026-10-05/README.md,retired,docs/product/RESIDENT_HARNESS.md,2398
docs/product/harness-evidence/wp-00/task-00.1-inventory.md,retired,docs/product/RESIDENT_HARNESS.md,961
docs/product/harness-evidence/wp-00/task-00.2-composition.md,retired,docs/product/RESIDENT_HARNESS.md,884
docs/product/harness-evidence/wp-00/task-00.3-provider-route.md,retired,docs/product/RESIDENT_HARNESS.md,484
docs/product/harness-evidence/wp-00/task-00.4-adoption-decision.md,retired,docs/product/RESIDENT_HARNESS.md,579
docs/product/harness-evidence/wp-01/task-01.1-execution-scope.md,retired,docs/product/RESIDENT_HARNESS.md,186
docs/product/harness-evidence/wp-01/task-01.2-cancel-adapter.md,retired,docs/product/RESIDENT_HARNESS.md,287
docs/product/harness-evidence/wp-01/task-01.3-model-request-contracts.md,retired,docs/product/RESIDENT_HARNESS.md,272
docs/product/harness-evidence/wp-02/task-02.1-session-contract.md,retired,docs/product/RESIDENT_HARNESS.md,225
docs/product/harness-evidence/wp-02/task-02.2-step-store.md,retired,docs/product/RESIDENT_HARNESS.md,235
docs/product/harness-evidence/wp-02/task-02.3-session-cleanup.md,retired,docs/product/RESIDENT_HARNESS.md,281
docs/product/harness-evidence/wp-03/task-03.1-submission-idempotency.md,retired,docs/product/RESIDENT_HARNESS.md,304
docs/product/harness-evidence/wp-03/task-03.2-shared-admission.md,retired,docs/product/RESIDENT_HARNESS.md,314
docs/product/harness-evidence/wp-03/task-03.3.1-turn-input-capsule.md,retired,docs/product/RESIDENT_HARNESS.md,457
docs/product/harness-evidence/wp-03/task-03.3.2-workitem-fencing.md,retired,docs/product/RESIDENT_HARNESS.md,956
docs/product/harness-evidence/wp-03/task-03.3.3-assistant-transcript.md,retired,docs/product/RESIDENT_HARNESS.md,356
docs/product/harness-evidence/wp-03/task-03.3.3-event-store.md,retired,docs/product/RESIDENT_HARNESS.md,857
docs/product/harness-evidence/wp-03/task-03.3.3-native-browser-smoke.md,retired,docs/product/RESIDENT_HARNESS.md,1808
docs/product/harness-evidence/wp-04/task-04.1-litellm-model-transport.md,retired,docs/product/RESIDENT_HARNESS.md,249
docs/product/harness-evidence/wp-04/task-04.2-route-resolution.md,retired,docs/product/RESIDENT_HARNESS.md,182
docs/product/harness-evidence/wp-05/task-05.1-model-request-observations.md,retired,docs/product/RESIDENT_HARNESS.md,189
docs/product/harness-evidence/wp-05/task-05.2-usage-reconciliation.md,retired,docs/product/RESIDENT_HARNESS.md,164
docs/product/harness-evidence/wp-06/browser-smoke-2026-10-04.md,retired,docs/product/RESIDENT_HARNESS.md,2601
docs/product/harness-evidence/wp-06/task-06.1-brokered-tools.md,retired,docs/product/RESIDENT_HARNESS.md,164
docs/product/harness-evidence/wp-06/task-06.2-session-continuity.md,retired,docs/product/RESIDENT_HARNESS.md,240
docs/product/harness-evidence/wp-06/task-06.3-event-stream.md,retired,docs/product/RESIDENT_HARNESS.md,111
docs/product/harness-evidence/wp-06/task-06.4-session-staging.md,retired,docs/product/RESIDENT_HARNESS.md,403
docs/product/harness-evidence/wp-06/task-06.5-boundary-investigation.md,retired,docs/product/RESIDENT_HARNESS.md,155
docs/product/harness-evidence/wp-07/task-07.1-capability-routing-smoke.md,retired,docs/product/RESIDENT_HARNESS.md,2090
docs/product/harness-evidence/wp-09/task-09.1-checkpoint-manifest.md,retired,docs/product/RESIDENT_HARNESS.md,363
docs/product/harness-evidence/wp-09/task-09.2-unsettled-operation-guard.md,retired,docs/product/RESIDENT_HARNESS.md,329
docs/product/harness-evidence/wp-09/task-09.3-failure-boundaries.md,retired,docs/product/RESIDENT_HARNESS.md,444
docs/product/harness-execution/GOAL.md,retired,docs/product/RESIDENT_HARNESS.md,1827
docs/product/harness-execution/wp-00/task-00.1.md,retired,docs/product/RESIDENT_HARNESS.md,321
docs/product/harness-execution/wp-00/task-00.2.md,retired,docs/product/RESIDENT_HARNESS.md,197
docs/product/harness-execution/wp-00/task-00.3.md,retired,docs/product/RESIDENT_HARNESS.md,254
docs/product/harness-execution/wp-00/task-00.4.md,retired,docs/product/RESIDENT_HARNESS.md,466
docs/product/harness-execution/wp-01/task-01.1.md,retired,docs/product/RESIDENT_HARNESS.md,148
docs/product/harness-execution/wp-01/task-01.2.md,retired,docs/product/RESIDENT_HARNESS.md,186
docs/product/harness-execution/wp-01/task-01.3.md,retired,docs/product/RESIDENT_HARNESS.md,170
docs/product/harness-execution/wp-02/task-02.1.md,retired,docs/product/RESIDENT_HARNESS.md,249
docs/product/harness-execution/wp-02/task-02.2.md,retired,docs/product/RESIDENT_HARNESS.md,292
docs/product/harness-execution/wp-02/task-02.3.md,retired,docs/product/RESIDENT_HARNESS.md,272
docs/product/harness-execution/wp-03/task-03.1.md,retired,docs/product/RESIDENT_HARNESS.md,756
docs/product/harness-execution/wp-03/task-03.2.md,retired,docs/product/RESIDENT_HARNESS.md,494
docs/product/harness-execution/wp-03/task-03.3.1.md,retired,docs/product/RESIDENT_HARNESS.md,605
docs/product/harness-execution/wp-03/task-03.3.2.md,retired,docs/product/RESIDENT_HARNESS.md,681
docs/product/harness-execution/wp-03/task-03.3.3.md,retired,docs/product/RESIDENT_HARNESS.md,1108
docs/product/harness-execution/wp-03/task-03.3.md,retired,docs/product/RESIDENT_HARNESS.md,742
docs/product/harness-execution/wp-04/task-04.1.md,retired,docs/product/RESIDENT_HARNESS.md,234
docs/product/harness-execution/wp-04/task-04.2.md,retired,docs/product/RESIDENT_HARNESS.md,219
docs/product/harness-execution/wp-05/task-05.1.md,retired,docs/product/RESIDENT_HARNESS.md,195
docs/product/harness-execution/wp-05/task-05.2.md,retired,docs/product/RESIDENT_HARNESS.md,189
docs/product/harness-execution/wp-06/task-06.1.md,retired,docs/product/RESIDENT_HARNESS.md,222
docs/product/harness-execution/wp-06/task-06.2.md,retired,docs/product/RESIDENT_HARNESS.md,426
docs/product/harness-execution/wp-06/task-06.3.md,retired,docs/product/RESIDENT_HARNESS.md,196
docs/product/harness-execution/wp-06/task-06.4.md,retired,docs/product/RESIDENT_HARNESS.md,191
docs/product/harness-execution/wp-06/task-06.5.md,retired,docs/product/RESIDENT_HARNESS.md,433
docs/product/harness-execution/wp-09/task-09.1.md,retired,docs/product/RESIDENT_HARNESS.md,335
docs/product/harness-execution/wp-09/task-09.2.md,retired,docs/product/RESIDENT_HARNESS.md,276
docs/product/harness-execution/wp-09/task-09.3.md,retired,docs/product/RESIDENT_HARNESS.md,273
docs/reviews/2026-09-28-substrate-improvement-status.md,retired,docs/ops/QUALIFICATION.md,4108
docs/reviews/2026-10-02-main-testpypi-review.md,retired,docs/ops/QUALIFICATION.md,3923
docs/reviews/2026-10-07-branding-validation.md,retired,docs/ops/QUALIFICATION.md,583
docs/reviews/2026-10-07-core-engineering-review.md,retired,docs/ops/QUALIFICATION.md,3709
docs/reviews/2026-10-07-native-batch-continuation-follow-up.md,retired,docs/ops/QUALIFICATION.md,1513
docs/reviews/2026-10-07-native-harness-follow-up-execution.md,retired,docs/ops/QUALIFICATION.md,1464
docs/reviews/2026-10-07-native-harness-follow-up-plan.md,retired,docs/ops/QUALIFICATION.md,951
docs/reviews/2026-10-07-native-web-research-follow-up.md,retired,docs/ops/QUALIFICATION.md,5719
docs/reviews/2026-10-07-remediation-execution.md,retired,docs/ops/QUALIFICATION.md,3363
docs/reviews/2026-10-08-chat-transient-version-controls.md,retired,docs/ops/QUALIFICATION.md,197
docs/reviews/2026-10-08-durable-native-chat-integration-PLAN-CHECK.md,retired,docs/ops/QUALIFICATION.md,2249
docs/reviews/2026-10-08-host-model-price-admission.md,retired,docs/ops/QUALIFICATION.md,352
docs/reviews/2026-10-08-native-route-generation-attribution.md,retired,docs/ops/QUALIFICATION.md,385
docs/reviews/2026-10-08-physical-model-admission-PLAN-CHECK.md,retired,docs/ops/QUALIFICATION.md,594
docs/reviews/2026-10-08-resource-presentation-and-route-receipts.md,retired,docs/ops/QUALIFICATION.md,444
docs/reviews/2026-10-08-retained-model-price-binding.md,retired,docs/ops/QUALIFICATION.md,382
docs/reviews/2026-10-08-staging-ci-cleanup.md,retired,docs/ops/QUALIFICATION.md,382
docs/reviews/2026-10-08-staging-pr-123-preparation.md,retired,docs/ops/QUALIFICATION.md,561
docs/superpowers/plans/2026-09-18-durable-work-kernel-recovery.md,retired,docs/backend/work-mandate-contract.md,2917
docs/superpowers/plans/2026-09-18-queryspec-provenance.md,retired,docs/platform/extension-contract-v1.md,900
docs/superpowers/specs/2026-09-08-prompt-sheet-design.md,retired,docs/backend/prompt-queue.md,1152
docs/superpowers/specs/2026-09-11-substrate-scale-remediation.md,retired,docs/backend/pagination.md,3765
docs/superpowers/specs/2026-09-18-durable-work-kernel-recovery-design.md,retired,docs/backend/work-mandate-contract.md,2141
docs/superpowers/specs/2026-09-18-hybrid-page-context-design.md,retired,docs/ops/QUALIFICATION.md,151
docs/superpowers/specs/integral-deployment-playbook.md,retired,docs/ops/DEPLOY.md,147
frontend/README.md,rewritten,frontend/README.md,1909
frontend/fisheye_graph/README.md,rewritten,frontend/fisheye_graph/README.md,3000
frontend/src/views/README.md,rewritten,frontend/src/views/README.md,113
sdk/python/README.md,rewritten,sdk/python/README.md,41
